COSS Company,FOSS Core(s),Sector / Space,Round,Size (M),Month Announced,Year,Lead VC,Link
Ridge,,,Seed + A,$22.0,January,2022,NFX,https://www.itprotoday.com/cloud-computing-and-edge-computing/ridge-raises-22m-global-cloud-services-platform
Airbyte,Airbyte,,Seed,$5.2,March,2021,Accel,https://airbyte.io/articles/our-story/we-raised-a-5m-seed-round-with-accel-to-commoditize-data-integration/
Voltron Data,Apache Arrow,,Seed,$22.0,February,2022,Walden Catalyst,https://voltrondata.com/news/fundinglaunch/
Athens,Athens,,Seed,$1.9,April,2021,Caffeinated,https://athensresearch.ghost.io/athens-1-9m-seed-round-led-by-caffeinated-capital/
Fig,Autocomplete,,Seed,$2.2,August,2021,General Catalyst,https://techcrunch.com/2021/08/25/fig-raises-2-2m-to-supercharge-the-terminal/
BuildBuddy,Bazel,,Seed,$3.1,December,2020,YC,https://techcrunch.com/2020/12/01/yc-backed-buildbuddy-raises-3-15m-to-help-developers-build-software-more-quickly/
Build.security,Build.security,,Seed,$6.0,November ,2020,YL Ventures,https://www.businesswire.com/news/home/20201118005269/en/build.security-Emerges-from-Stealth-with-6M-in-Backing-from-YL-Ventures-CrowdStrike%E2%80%99s-George-Kurtz-and-Lineup-of-Cybersecurity-Leaders
Cape Privacy,Cape Privacy,,Seed,$5.0,June,2020,Boldstart and Version One,https://techcrunch.com/2020/06/24/cape-privacy-launches-data-science-collaboration-platform-with-5-06m-seed-investment/
Chatwoot,Chatwoot,,Seed,$1.6,August,2021,Goat Capital,https://venturebeat.com/2021/08/09/chatwoot-challenges-zendesk-with-open-source-customer-engagement-platform/
Altinity,ClickHouse,,Seed,$4.0,October,2020,Accel,https://altinity.com/press-releases/altinity-introduces-altinity-cloud-and-secures-4m-in-funding-from-accel
Stacklet,Cloud Custodian,,Seed,$4.4,August,2020,Foundation,https://www.google.com/amp/s/techcrunch.com/2020/08/12/stacklet-launches-cloud-governance-platform-with-4-4m-seed-investment/amp/
Crowdsec ,Crowdsec ,,Seed,$5.0,May,2021,Breega ,https://crowdsec.net/2021/05/05/fundraiser-announcement/
Cube Dev,Cube.js,,Seed,$6.2,September,2020,Bain Capital Ventures,https://techcrunch.com/2020/09/29/cube-js-raises-6-5m-for-its-open-source-data-platform/
Coiled,Dask,,Seed,$5.0,September,2020,Costanoa + IA,https://coiled.io/blog/coiled-dask-for-everyone-everywhere/
Acryl Data,DataHub,,Seed,$9.0,June,2021,8VC,https://techcrunch.com/2021/06/23/acryl-data-commercializing-linkedins-metadata-tool-datahub-emerges-from-stealth-with-9m-from-8vc-linkedin-and-insight/
Metaphor,DataHub,,Seed,$5.3,December,2020,"Amplify Partners, a16z",https://pardhugunnam.medium.com/announcing-metaphor-data-c86170c81202
Dendron,Dendron,,Seed,$2.0,April,2021,FUSE,https://capital.us20.list-manage.com/track/click?u=d40c29f25081bce43ff16e6fa&id=1b143bfc58&e=3a0943fffb
Deno,Deno,,Seed,$4.9,March,2021,Four Rivers,https://deno.com/blog/the-deno-company
Slim.ai,Docker,,Seed,$6.6,January,2021,Boldstart Ventures,https://medium.com/boldstart-ventures/delivering-containerized-applications-faster-excited-to-announce-boldstarts-investment-in-slim-ai-fd0fa3087b6b
Earthly,Earthly,,Seed,$2.0,October,2020,438 Capital,https://www.businesswire.com/news/home/20201008005205/en/
Frappe,ERPNext,,Seed,$1.4,November ,2020,Rainmatter,https://frappe.io/blog/announcements/frappe-zerodha
Jistu,EventNative,,Seed,$2.0,December,2020,Costanoa,https://medium.com/jitsu/the-origin-of-jitsu-b47c4b99cece
FingerprintJS,FingerprintJS,,Seed,$4.0,October,2020,Nexus Venture Partners,https://techcrunch.com/2020/10/13/commercializing-the-open-source-fingerprintjs-browser-fingerprinting-tech-nabs-chicago-entrepreneur-4m/
Charm,Glow,,Seed,$3.0,April,2021,Cavalry,https://venturebeat.com/2021/04/20/charm-embraces-open-source-to-make-command-line-interfaces-glamorous/
Grouparoo,Grouparoo,,Seed,$3.0,November ,2020,"Eniac Ventures, Fuel Capital",https://www.grouparoo.com/blog/seed-round
HiveMQ,HiveMQ,,Seed,$11.3,May,2021,"Earlybird, Senovo",https://www.hivemq.com/blog/hivemq-is-ready-for-lift-off/
ProjectDiscovery.io,https://github.com/projectdiscovery,,Seed,$1.7,February ,2021,Signalfire,https://blog.projectdiscovery.io/we-are-going-full-time/
Intrigue,Intrigue,,Seed,$2.0,April,2021,LiveOak,https://capital.us20.list-manage.com/track/click?u=d40c29f25081bce43ff16e6fa&id=b874926c02&e=3a0943fffb
Unfolded,kepler.gl+deck.gl,,Seed,$6.0,January,2021,S28 / IA,https://techcrunch.com/2021/01/26/ex-uber-team-raises-6m-seed-for-geospatial-analytics-platform-unfolded-ai/?tpcc=ECTW2020
Spectro Cloud,Kubernetes,,Seed,$7.5,March,2020,Sierra Ventures,https://medium.com/spectro-cloud/hello-world-were-spectro-cloud-207d5f726414
Stackwatch / Kubecost,Kubernetes,,Seed,$5.5,March,2021,First Round,http://blog.kubecost.com/blog/announcing-kubecost-first-round/
Shipa,Kubernetes,,Seed,$3.8,November ,2020,"Engineering Capital, Jump Capital",https://siliconangle.com/2020/10/08/shipa-debuts-cloud-native-application-management-framework/
Mapped,Mapped,,Seed,6.5,July,2021,MetaProp + Allegiance,https://venturebeat.com/2021/06/29/mapped-raises-6-5m-to-build-api-for-the-digital-twin-of-data-infrastructure/
Opaque Systems,mc2,,Seed,$9.5,July,2021,Intel Capital,https://techcrunch.com/2021/07/07/opaque-raises-9-5m-seed-to-secure-sensitive-data-in-the-cloud/
Meltano,Meltano,,Seed,$4.2,June,2021,GV,https://meltano.com/blog/?s=SEED
Meltano,Meltano,,Seed,$4.2,July,2021,GV,https://meltano.com/blog/2021/06/30/meltano-spins-out-of-gitlab-raises-seed-round/
MindsDB,MindsDB,,Seed,$4.0,May,2020,OpenOcean,https://venturebeat.com/2020/04/16/mindsdb-raises-3-million-for-open-source-automated-machine-learning/
Moov,Moov,,Seed,$5.5,August,2020,Bain,https://moov.io/blog/news/moov-announces-seed-round/
VEsoft,Nebula Graph,,Seed,$8.0,June,2020,Redpoint China,https://nebula-graph.io/posts/nebula-graph-raises-8-million-dollars-in-series-pre-a-funding/
Seqera Labs,Nextflow,,Seed,$5.5,September,2021,"Talis Capital, Speedinvest",https://www.seqera.io/news/seqera-labs-announces-5-5M-seed-round/
Nhost,Nhost,,Seed,$3.0,April,2021,Nauta,https://venturebeat.com/2021/04/22/nhost-is-an-open-source-firebase-rival-backed-by-githubs-founders/
Last Energy,Open-100,,Seed,$3.0,March,2020,First Round,https://venturebeat.com/2020/02/25/last-energy-raises-3-million-to-fight-climate-change-with-nuclear-energy/
Openbase,Openbase,,Seed,$3.6,January,2021,Zeev Ventures,https://www.linkedin.com/pulse/announcing-openbases-36m-seed-round-help-developers-choose-grossman/
Orbit,Orbit,,Seed,$4.0,December,2020,a16z,https://orbit.love/blog/powering-community-led-growth/
Supabase,Postgres,,Seed,$6.0,December,2020,Coatue,https://www.rocketnews.com/2020/12/supabase-raises-6m-for-its-open-source-firebase-alternative/
PostHog,PostHog,,Seed,$3.9,June,2020,YC,https://posthog.com/blog/raising-3m-for-os
Ahana,PrestoDB,,Seed,$2.2,June,2020,GV,https://ahana.io/press-releases/ahana-raises-2-25-million-seed-funding-led-by-gv-and-joins-linux-foundations-presto-foundation/
QuestDB,QuestDB,,Seed,$2.3,July,2020,Episode 1,https://techcrunch.com/2020/07/02/questdb-nabs-2-3m-seed-to-build-open-source-time-series-database/
CtrlIQ,Rocky Linux,,Seed,$4.0,January,2021,OpenDrives,https://www.globenewswire.com/news-release/2021/01/28/2165980/0/en/Ctrl-IQ-Makes-its-Market-Debut-to-Democratize-Secure-Hybrid-Orchestration-for-Performance-Intensive-Workflows.html
Rome Tools,Rome,,Seed,$4.5,May,2021,"OSS Capital, A Capital",https://rome.tools/blog/announcing-rome-tools-inc/
RoboCorp,RPA Framework,,Seed,$5.5,May,2020,Benchmark,https://robocorp.com/news/funding-ahead-of-ga-release
RudderStack,RudderStack,,Seed,$5.0,May,2020,S28,https://techcrunch.com/2020/05/27/rudderstack-raises-5m-seed-round-for-its-open-source-segment-competitor/
Rumble,Rumble,,Seed,$5.0,March,2021,Decibel,https://www.rumble.run/press/decibel-funding/
Saleor,Saleor,,Seed,$2.5,March,2021,Cherry Ventures,https://techcrunch.com/2021/03/18/saleor/
Serverless Stack,Serverless Stack,,Seed,$1.0,July,2021,"Greylock Partners, SV Angel, Y Combinator",https://serverless-stack.com/blog/serverless-stack-raises-1m-to-make-it-easy-to-build-serverless-apps.html
Explosion,spaCy,,Seed,$6.0,September,2021,SignalFire,https://explosion.ai/blog/weve-sold-5-percent-of-explosion
Prophecy.io,Spark/K8s,,Seed,$6.0,February,2021,SignalFire,https://finance.yahoo.com/news/prophecy-io-launches-low-code-120000036.html
VIAM,TBD,,Seed,$12.0,June,2021,USV,http://www.eliothorowitz.com/blog/2021/06/29/viams-seed-round/
Temporal,Temporal,,Seed,$6.8,October,2020,Amplify,https://docs.temporal.io/blog/funding-announcement/
Terminus,TerminusDB,,Seed,$4.2,March,2021,Volta Ventures,https://www.irishtimes.com/business/technology/trinity-college-spinout-terminusdb-secures-3-6m-in-investment-1.4510067
AtomicJar,Testcontainers,,Seed,$4.0,June,2021,Boldstart Ventures,https://www.atomicjar.com/2021/06/announcing-atomicjar-inc/
Unleash,Unleash,,Seed,$2.5,September,2021,"Firstminute Capital, Frontline VC, Marten Mickos, Nicolas Dessaigne",https://venturebeat.com/2021/09/03/how-unleash-is-using-open-source-feature-management-to-make-devs-more-efficient/
Ursa Computing,Ursa Labs,,Seed,$4.9,December,2020,GV,https://ursalabs.org/blog/ursa-computing/
Vue Storefront,vue-storefront,,Seed,$1.5,January,2021,"SMOK Ventures, Movens VC",https://www.vuestorefront.io/blog/vue-storefront-raises-1-5m-to-turn-the-fastest-growing-open-source-ecommerce-project-into-a-business
WayScript,Wayscript,,Seed,$5.0,August,2020,Greycroft,https://wayscript.com/learn/wayscript-raises-$5m-seed-round
Webiny,Webiny,,Seed,$3.5,August,2021,M12,https://www.webiny.com/blog/webiny-raises-3-5M-in-seed-round-led-by-microsoft
Tailscale,WireGuard,,Seed,$3.0,April,2020,Heavybit,https://tailscale.com/blog/tailscale-launch/
Commit,Zero,,Seed,$6.0,June,2021,Accomplice,https://techcrunch.com/2021/06/09/commit-raises-6m-seed-round-to-match-senior-engineers-to-startups-they-want-to-work-for/
ZeroTier,ZeroTier,,Seed,$2.0,February,2021,Anorak & Bonfire,https://www.zerotier.com/2021/02/17/zerotier-raises-2m-for-a-radically-simple-approach-to-networking/
Faros,,,Seed,$16.0,March,2022,"Signal Fire, Salesforce Ventures, Global Founders Capital",https://www.faros.ai/blog/we-raised-usd16m-to-drive-the-future-of-engineering-operations-join-us-on-this-exciting-journey?utm_source=Twitter&utm_medium=social&utm_campaign=Twitterorganic2022
Appwrite,,,Seed,$10.0,October,2021,"Bessemer Venture Partners, Flybridge",https://appwrite.io/seed
Union.ai,,,Seed,$10.0,April,2022,NEA,https://techcrunch.com/2022/04/12/union-ai-raises-10m-to-simplify-ai-and-ml-workflow-orchestration/
Aleph.im,,,Seed,$10.0,January,2022,Stratos Technologies,https://medium.com/aleph-im/aleph-im-raises-10m-in-strategic-bid-to-become-web3s-decentralized-answer-to-amazon-lambda-4d97df5623fc
Orkes,,,Seed,$9.3,March,2022,"Battery Ventures, Vertex Ventures",https://techcrunch.com/2022/02/28/orkes-from-the-creators-of-netflixs-open-source-conductor-workflow-orchestration-tool-comes-out-of-stealth-with-9-3m/
OpenBB,,,Seed,$8.5,April,2022,OSS Capital,https://www.openbb.co/blog/gme-didnt-take-me-to-the-moon-but-gamestonk-terminal-did
Tea,,,Seed,$8.0,March,2022,Binance Labs,
Onehouse,,,Seed,$8.0,February,2022,Greylock Ventures,https://www.onehouse.ai/blog/introducing-onehouse
Stackblitz,,,Seed,$7.9,April,2022,Greylock Ventures,https://blog.stackblitz.com/posts/seed-funding/
MindsDB,,,Seed,$7.6,November,2021,Walden Catalyst,https://mindsdb.com/newsroom/press-release-mindsdb-announces-7-6m-total-seed-funding-partners-with-snowflake-singlestore-datastax/?utm_medium=social&utm_source=twitter&utm_campaign=press-release-2021-october
Cal.com,,,Seed,$7.4,December,2021,OSS Capital,https://cal.com/blog/seed
Amplication,,,Seed,$6.6,February,2022,"Norwest, Vertex Ventures",https://venturebeat.com/2022/02/09/amplication-builds-out-open-source-low-code-no-code-platform/
Sync Computing,,,Seed,$6.1,January,2022,"Moore STrategic Ventures, National Grid Partners",https://synccomputing.com/distributed-cloud-infrastructure-innovator-sync-computing-emerges-from-stealth-brings-in-6-1-million/
KSOC,,,Seed,$6.0,February,2022,.406 Ventures,https://blog.ksoc.com/ksoc-our-story/
Kubermatic,,,Seed,$6.0,November,2021,Nauta Capital,https://www.kubermatic.com/blog/kubermatic-raises-6m-in-seed-funding-to-accelerate-growth-automation/?utm_content=186874946&utm_medium=social&utm_source=twitter&hss_channel=tw-2834364461
Permit.io,,,Seed,$6.0,February,2022,NFX,https://techcrunch.com/2022/02/15/permit-io-raises-6m-to-make-permissions-easier/
Plural,,,Seed,$6.0,March,2022,SignalFire,https://blog.plural.sh/announcing-plurals-6m-seed-round/
Speckle,,,Seed,$5.5,April,2022,Frontline Ventures,https://speckle.systems/blog/growing-the-speckle-seed/
Scarf,,,Seed,$5.3,December,2021,"Rae Capital, Freestyle Capital",https://www.businesswire.com/news/home/20211215005087/en/Scarf-Takes-Total-Funding-to-7.3M-for-its-Sophisticated-Approach-to-Open-Source-Analytics
Activeloop,,,Seed,$5.0,November,2021,"468 Capital, CM Ventures",https://techcrunch.com/2021/11/02/activeloop-snags-5m-seed-to-build-database-for-ai-applications/
Chainguard,,,Seed,$5.0,December,2021,Amplify Partners,https://runpanther.io/press-releases/panther-labs-raises-120m-series-b-with-unicorn-valuation-led-by-coatue/
Fleet,,,Seed,$5.0,January,2022,CRV,https://blog.fleetdm.com/from-osquery-to-fleet-planting-the-seed-bb37fea9770d
MeiliSearch,,,Seed,$5.0,January,2022,CRV,https://blog.meilisearch.com/meilisearch-raised-5meu-seed-fundraising/
Profian,,,Seed,$5.0,October,2021,Project A,https://aliceevebob.com/2021/09/30/announcing-profian/
Calyptia,,,Seed,$5.0,March,2022,Sierra Ventures,https://calyptia.com/2022/03/02/calpytia-raises-5m-seed-round-to-bring-fluent-bit-to-the-enterprise/
Loft,,,Seed,$4.6,September,2021,Fusion Fund,https://loft.sh/blog/loft-labs-raises-4.6-million-seed-funding-to-scale-up-self-service-access-to-kubernetes-for-engineering-teams/?utm_medium=social&utm_source=twitter&utm_campaign=blog_loft-labs-raises-4.6-million-seed-funding-to-scale-up-self-service-access-to-kubernetes-for-engineering-teams
Akuity,,,Seed,$4.5,October,2021,Decibel Ventures,https://blog.akuity.io/launching-akuity-to-modernize-the-cloud-native-toolchain-with-argo-e6b719f6b47b
Theatre.js,,,Seed,$4.5,January,2022,OSS Capital,https://blog.theatrejs.com/announcing-45m-seed-for-theatrejs
RunX,,,Seed,$4.1,October,2021,Unusual Ventures,https://techcrunch.com/2021/09/28/runx-announces-4-1m-seed-to-simplify-cloud-infrastructure-deployment-for-developers/?tpcc=ECTW2020
AutoCloud,,,Seed,$4.0,November,2021,Animo Ventures,https://techcrunch.com/2021/11/22/autocloud-raises-4m-to-commercialize-its-oss-cloud-visualization-service/
Polar Signals,,,Seed,$4.0,October,2021,"GV, Lightspeed",https://www.polarsignals.com/blog/posts/2021/10/08/introducing-parca-we-got-funded/
Signadot,,,Seed,$4.0,February,2022,Redpoint Ventures,https://signadot.com/blog/announcing-public-beta/
EngFlow,,,Seed,$3.7,October,2021,a16z,https://techcrunch.com/2021/10/12/engflow-raises-3-7-million-seed-to-speed-up-compiling-of-large-code-projects/
Foxglove,,,Seed,$3.7,January,2022,Amplify Partners,https://foxglove.dev/blog/foxglove-raises-seed-funding-3.7M
CloudQuery,,,Seed,$3.5,November,2021,BoldStartVC,https://www.cloudquery.io/blog/announcing-cloudquery-seed-funding
Cerbos,,,Seed,$3.5,December,2021,"Crane, OSS Capital",https://cerbos.dev/blog/announcement-cerbos-seed-funding-round
Orchest,,,Seed,$3.5,October,2021,"Gradient Ventures, Basis Set Ventures",https://techcrunch.com/2021/10/01/orchest-raises-3-5m-to-provide-a-simpler-way-to-build-data-pipelines/?tpcc=tcplustwitter
"Umbrel,",,,Seed,$3.0,October,2021,OSS Capital,https://blog.getumbrel.com/seed-6d09aa08f8ac?gi=9b2ec89ead5
Hoppscotch,,,Seed,$3.0,December,2021,OSS Capital,https://hoppscotch.notion.site/3e0757e531264cdaa0c81edf69f86d3e
Remix,,,Seed,$3.0,October,2021,"OSS Capital, A Capital",https://remix.run/blog/seed-funding-for-remix
ChistaDATA,,,Seed,$3.0,February,2022,Sequoia India,https://india.sequoiacap.com/build/chistadata-a-faster-cheaper-and-fully-open-source-cloud-data-warehouse-for-the-world/
ZenML,,,Seed,$2.7,December,2021,Crane Venture Partners,https://blog.zenml.io/why-zenml/
Quickwit,,,Seed,$2.6,March,2022,"FirstMark, firstminute",https://quickwit.io/blog/seed-funding
Appsmith,,,Seed,$2.5,October,2021,"Accel, Canaan Partners, Bessemer",https://www.appsmith.com/blog/10-5mn-funding-raised-how-we-got-here-and-where-we-want-to-go
ContainIQ,,,Seed,$2.5,October,2021,Lachy Groom,https://www.containiq.com/post/seed-round-announcement
BoxyHQ,,,Seed,$2.5,February,2022,OSS Capital,https://twitter.com/COSS_Community/status/1496529074033938447
Infracost,,,Seed,$2.2,September,2021,Sequoia Capital,https://www.infracost.io/blog/infracost-sequoia-seed
Upstash,,,Seed,$1.9,March,2022,Mango Capital,https://techcrunch.com/2022/03/17/upstash-snags-1-9m-seed-to-build-serverless-data-platform-for-redis-and-kafka/
Suborbital,,,Seed,$1.6,November,2021,Amplify Partners,https://techcrunch.com/2021/11/23/suborbital-raises-1-6m-for-its-webassembly-platform/?tpcc=tcplustwitter
ToolJet,,,Seed,$1.6,January,2022,Nexus Venture Partners,https://blog.tooljet.com/raising-vc-funding-for-open-source-project/
Wasp,,,Seed,$1.5,October,2021,"Lunar Ventures, HV Capital",https://techcrunch.com/2021/10/04/yc-grads-wasp-land-1-5m-seed-to-help-developers-build-web-apps-faster/
BattleSnake,,,Seed,$1.5,September,2021,Madrona Venture Group,https://blog.battlesnake.com/building-esports-for-developers/
OpenBCI,,,Seed,NA,December,2021,"Bitkraft VC, re.Mind, NaHCO3",https://venturebeat.com/2021/12/15/openbci-creates-brain-computer-interfaces-for-gaming-and-more/
Qdrant,,,Pre-Seed,$2.2,January,2022,"42CAP, IBB Ventures",https://www.ibbventures.de/en/news/qdrant-financing
Joget,,,pre-A,$2.2,January,2022,Private,https://finance.yahoo.com/news/no-code-low-code-software-205800977.html
GitLab,GitLab,,Late,$195.0,January,2021,OMERS ++,https://about.gitlab.com/blog/2021/10/14/gitlab-inc-takes-the-devops-platform-public/
Odoo,Odoo,,Late,$215.0,August,2021,Summit Partners,https://www.odoo.com/blog/odoo-news-5/odoo-is-now-a-unicorn-so-what-784
Treasure Data,Treasure Data,,Late,$234.0,November,2021,SoftBank,https://www.treasuredata.com/press_release/treasure-data-raises-234-million/?utm_source=twitter&utm_medium=social
WSO2,WS02,,Late,$90.0,November,2021,Goldman Sachs,https://wso2.com/blogs/thesource/announcing-90-million-dollars-in-growth-capital-from-goldman-sachs/?utm_source=tw&utm_medium=orgpost&utm_campaign=tw_orgpost_blog_sanjiva_211112
Raspberry Pi,,,Late,$45.0,September,2021,Ezrah Charitable Trust,https://www.telegraph.co.uk./technology/2021/09/20/raspberry-pi-attracts-45m-lockdowns-fuel-demand-personal-computers/
Pluribus Networks,,,Late,$20.0,October,2021,Morgan Stanley Expansion Capital,https://www.pluribusnetworks.com/blog/pluribus-raises-20m-from-morgan-stanley-to-fuel-growth/
Databricks,Spark,,H,"$1,600.0",September,2021,Counterpoint Global & Coatue ,https://databricks.com/company/newsroom/press-releases/databricks-raises-1-6-billion-series-h-investment-at-38-billion-valuation
DataStax,Cassandra,,Growth,$50.0,May,2021,Goldman Sachs,https://www.datastax.com/blog/building-momentum-goldman-sachs
Graylog,Graylog,,Growth,$18.0,June,2021,Harbert,https://venturebeat.com/2021/06/24/graylog-nabs-18m-to-manage-and-analyze-log-data/
Tyk,Tyk API Gateway,,Growth,$35.0,September,2021,Scottish Equity Partners,https://tyk.io/blog/tyk-raises-35m-to-connect-every-system-in-the-world/
Shopware,,,Growth,$100.0,February,2022,"Carlyle, Paypal",https://www.shopware.com/en/investment/
Couchbase,Couchbase,,G,$105.0,June,2020,GPI Capital,https://www.couchbase.com/press-releases/couchbase-announces-usd105-million-equity-investment-led-by-gpi-capital-to-fuel-its-next-phase-of-growth-and-cloud-innovation
Redis,Redis,,G,$110.0,April,2021,Tiger Global,https://redislabs.com/press/redis-labs-110-million-series-g-led-by-tiger-global/
Databricks,Spark,,G,"$1,000.0",February,2021,Franklin Templeton,https://www.zdnet.com/article/databricks-champion-of-data-lakehouse-model-closes-1b-series-g-funding-round/
Sysdig,Sysdig,,G,$350.0,December,2021,Permira Advisers,https://sysdig.com/blog/ceo-suresh-on-sysdig-series-g-funding/
Neo4j,Neo4j,,F,$325.0,June,2021,Eurazeo,https://neo4j.com/blog/neo4j-raises-largest-funding-round-database-history/
Plume,OpenSync,,F,$300.0,October,2021,Softbank,https://techcrunch.com/2021/10/12/plume-raises-300m-as-it-passes-1-2b-devices-in-35m-homes-using-its-smart-wifi-service/
Redis Labs,Redis,,F,$100.0,August,2020,"Bain Capital, TVC",https://redislabs.com/press/redis-labs-raises-100-million-series-f-financing/
Snyk,Snyk,,F,$300.0,September,2021,"Sands Capital Ventures, Tiger Global",https://www.reuters.com/technology/cyber-security-software-startup-snyk-raises-300-mln-valued-85-bln-2021-09-09/
Plume,OpenSync,,F,$300.0,October,2021,Softbank,https://www.plume.com/resources/plume-raises-300-million-from-softbank/
Cockroach Labs,CockroachDB,,F,$278.0,December,2021,Greenoaks,https://www.cockroachlabs.com/blog/series-f-announcement-vision/
SiFive,RISC-V,,F,$175.0,March,2022,Coatue,https://www.theregister.com/2022/03/16/sifive_175m_series_f/
CloudBees,Jenkins,,F,$150.0,December,2021,Goldman Sachs Asset Management,https://www.cloudbees.com/blog/a-message-from-our-founder-the-journey-to-usd1-billion?utm_campaign=Organic-News%3A+Funding+Series+F&utm_medium=social&utm_source=twitter
Neo4J,,,F,$66.0,November,2021,Inovia,https://neo4j.com/press-releases/Patrick-Pichette-joins-Neo4j-Board-of-Directors/?ref=newsroom
Confluent ,Apache Kafka,,E,$250.0,April,2020,Coatue,https://www.confluent.io/press-release/confluent-series-e-round-project-metamorphosis/
Cockroach Labs,Cockroach DB,,E,$160.0,January,2021,Altimeter,https://www.reuters.com/article/cockroach-labs-funding/database-software-startup-cockroach-labs-raises-160-mln-idUSL1N2JM2RB
H2O.ai,H2O.ai Hybrid Cloud,,E,$100.0,November,2021,Commonwealth Bank of Australia,https://venturebeat.com/2021/11/07/h2o-ai-secures-100m-lands-partnership-with-australian-bank/
ForgeRock,"OpenAM, OpenIDM, OpenDJ, OpenIG",,E,$93.5,April,2020,Riverwood Capital,https://www.forgerock.com/about-us/press-releases/forgerock-surpasses-100m-arr-raises-935-million-fuel-next-wave-growth-cloud
Plume,OpenSync,,E,$270.0,February,2021,Insight Partners,https://www.insightpartners.com/about-us/news-press/plume-raises-270-million-at-1-35-billion-valuation/
Sifive,RISC-V,,E,$61.0,August,2020,SK Hynix ,https://www.sifive.com/press/sifive-secures-61-million-in-series-e-funding
Aqua Security,Several,,E,$135.0,March,2021,ION Crossover,https://www.prnewswire.com/news-releases/aqua-security-announces-135-million-in-series-e-funding-at-a-1-billion-valuation-301243855.html
Sysdig,sysdig,,E,$70.0,January,2020,Insight Partners,https://sysdig.com/press-releases/sysdig-closes-70m-series-e-funding/
HashiCorp,"Terraform, Vault, Consul, Nomad",,E,$175.0,March,2020,Franklin Templeton,http://www.globenewswire.com/news-release/2020/03/16/2001541/0/en/HashiCorp-Raises-175-Million-in-Series-E-Funding-to-Support-Multi-Cloud-Transformation-for-Global-Enterprises.html
Pantheon,Wordpress,,E,$100.0,July,2021,Softbank,https://pantheon.io/blog/what-100M-investment-means-for-Pantheon
Dremio,Apache Arrow,,E,$160.0,January,2022,Adams Street Partners,https://www.dremio.com/press-releases/dremio-doubles-valuation-to-2-billion-with-160m-investment-towards-reinventing-sql-for-data-lakes/
Dremio,Apache Arrow,,D,$135.0,January,2021,Sapphire Ventures,https://www.dremio.com/press-releases/dremio-closes-70-million-in-growth-funding/
Apollo,Apollo Client,,D,$130.0,August,2021,Insight Partners,https://twitter.com/apollographql/status/1427616423824797698?s=20
Cockroach Labs,Cockroach DB,,D,$86.6,May,2020,Altimeter and Bond,https://www.cockroachlabs.com/blog/cockroach-labs-raises-87-million-of-new-investment-capping-a-year-of-exceptional-growth/
Corelight,Corelight,,D,$75.0,September,2021,Energy Impact Partners,https://corelight.com/company/corelight-secures-75-million-series-d-funding
Digital Asset,DAML,,D,$120.0,April,2021,7RIDGE,https://daml.com/blog/company/we-have-raised-120m-to-tackle-the-heart-of-the-problem/
Platform9,K8s,,D,$37.5,February,2021,WRVI,https://www.ngpcap.com/news/platform9-raises-37-5-million-reports-145-yoy-growth-in-saas-managed-kubernetes
Kong,Kong,,D,$100.0,February,2021,Tiger Global,https://www.bloomberg.com/news/articles/2021-02-08/kong-secures-1-4-billion-valuation-to-build-connection-for-apps
Kyligence,Kylin,,D,$70.0,April,2021,SPDB,https://martechseries.com/analytics/kyligence-raises-70-million-series-d-funding-round/
Plume Design,OpenSync,,D,$85.0,February,2020,Charter,https://www.mannpublications.com/mannreport/2020/03/12/plume-secures-85m-in-financing/
Postman,Postman,,D,$225.0,August,2021,Insight Partners,https://blog.postman.com/postman-announces-series-d/
Lightbend,Scala,,D,$25.0,March,2020,Dell Tech,https://www.lightbend.com/company/news/lightbend-raises-25m-for-deployment-of-new-cloud-native-applications
Sentry,Sentry,,D,$60.0,February,2021,Accel,https://www.businesswire.com/news/home/20210218005662/en/Sentry-Raises-60-Million-in-Series-D-Funding-at-1-Billion-Valuation
Sourcegraph,Sourcegraph,,D,$125.0,July,2021,a16z,https://techcrunch.com/2021/07/13/sourcegraph-raises-125m-series-d-on-2-6b-valuation-for-universal-code-search-tool/
Sysdig,Sysdig,,D,$188.0,April,2021,Premji Invest,https://sysdig.com/press-releases/sysdig-raises-188m-at-a-valuation-of-1-19b-to-secure-modern-cloud-applications/
PingCAP,TiDB,,D,$270.0,November ,2020,GGV,https://pingcap.com/blog/pingcap-the-company-behind-tidb-raises-$270-million-in-series-d-funding
ConsenSys,Ethereum,,D,$450.0,March,2022,ParaFi Capital,https://consensys.net/blog/press-release/consensys-raises-450m-series-d-funding/
Starburst,Trino (formerly PrestoSQL),,D,$250.0,February,2022,Alkeon Capital,https://blog.starburst.io/starburst-announces-250m-series-d
Grafana Labs,Grafana,,D,$240.0,April,2022,GIC,https://grafana.com/blog/2022/04/06/grafana-labs-series-d/?utm_source=tw&utm_medium=social
dbt Labs,dbt,,D,$222.0,February,2022,Altimeter,https://blog.getdbt.com/next-layer-of-the-modern-data-stack/
Vercel,Next.js,,D,$150.0,November,2021,GGV Capital,https://vercel.com/blog/vercel-funding-series-d-and-valuation
Akeneo,Akeneo PIM,,D,$135.0,March,2022,Summit Partners,https://www.akeneo.com/press-release/akeneo-announces-135-million-series-d-to-redefine-product-information-management-category/
Netlify,,,D,$105.0,November,2021,Bessemer Venture Partners,https://www.netlify.com/press/netlify-raises-usd105-million-to-transform-development-for-the-modern-web
MariaDB,,,D,$104.0,February,2022,Angel Pond Holdings Corp.,https://www.zdnet.com/article/mariadb-announces-intent-to-go-public/
Aiven,,,D,$60.0,October,2021,"World Innovation Labs, IVP",https://aiven.io/blog/raising-a-unicorn
Aiven,Aiven,,C,$100.0,March,2021,Atomico,https://aiven.io/press/aiven-raises-usd100m-series-c-to-expand-global-open-source-innovation
Dremio,Apache Arrow,,C,$70.0,March,2020,Insight Partners,https://www.dremio.com/press-releases/dremio-closes-70-million-in-growth-funding/
Fishtown / DBT,dbt,,C,$150.0,June,2021,Altimeter,https://blog.getdbt.com/of-the-community-by-the-community-for-the-community/
Imply,Druid,,C,$70.0,June,2021,Bessemer,https://imply.io/post/imply-raises-70mm-in-series-c-funding
Grafana Labs,Grafana,,C,$220.0,August,2021,"Sequoia Capital, Coatue",https://grafana.com/about/press/2021/08/24/grafana-labs-raises-220m-to-accelerate-global-adoption-and-development-of-open-source-visualization-and-observability-platform/
Replicated,Kubernetes,,C,$50.0,August,2021,Owl Rock Capital,https://www.replicated.com/blog/series-c-announcement?utm_campaign=Series%20C&utm_content=174032054&utm_medium=social&utm_source=twitter&hss_channel=tw-3320570544
Weaveworks,Kubernetes,,C,$36.0,December,2020,AWS,https://www.weave.works/press/releases/weaveworks-raises-36-million-series-c/
Robin,Kubernetes ,,C,$38.0,June,2021,Rakuten,https://robin.io/press/robin-io-to-capitalize-on-rapid-adoption-of-cloud-native-technology-across-5g-and-enterprise-with-38-million-series-c-led-by-rakuten-capital/
MariaDB,MariaDB,,C,$25.0,July,2020,SmartFin,https://techcrunch.com/2020/07/09/mariadb-raises-25m-more-to-expand-its-skysql-cloud-database-platform/
Materialize,Materialize,,C,$60.0,October,2021,Redpoint Ventures,https://materialize.com/materialize-raises-a-series-c/
Vercel,Next.js,,C,$102.0,June,2021,Bedrock,https://vercel.com/blog/series-c-102m-continue-building-the-next-web
Uptycs,osquery,,C,$50.0,May,2021,Norwest,https://www.uptycs.com/blog/uptycs-announces-series-c-funding
Tenstorrent,RISC-V,,C,$200.0,May,2021,Fidelity,https://tenstorrent.com/research/tenstorrent-raises-over-200-million-at-1-billion-valuation-to-create-programmable-high-performance-ai-computers/
Snorkel AI,Snorkel,,C,$85.0,August,2021,"Blackrock, Addition",https://snorkel.ai/85-million-series-c-accelerating-data-centric-ai-enterprise/
Sourcegraph,Sourcegraph,,C,$50.0,December,2020,Sequoia Capital,https://about.sourcegraph.com/blog/series-c-with-sequoia/
Armory,Spinnaker,,C,$40.0,October,2020,B Capital,https://www.armory.io/blog/armory-in-the-news-october-19th-2020/
Starburst Data,Trino (formerly PrestoSQL),,C,$100.0,January,2021,a16z,https://blog.starburstdata.com/starburst-announces-42-million-series-b
Yugabyte ,YugabyteDB,,C,$30.0,June,2020,8VC,https://blog.yugabyte.com/yugabyte-raises-30-million-series-b/
Astronomer,Apache Airflow,,C,$213.0,March,2022,Insight Ventures,https://techcrunch.com/2022/03/23/astronomer-ready-for-its-next-mission-after-datakin-acquisition-213m-series-c/?tpcc=tcplustwitter
Chronosphere,M3,,C,$200.0,October,2021,General Atlantic,https://chronosphere.io/learn/200m-in-funding-and-unicorn-status/?utm_source=website&utm_medium=global+banner&utm_id=Launch
Opentrons,Opentrons,,C,$200.0,September,2021,SoftBank,https://blog.opentrons.com/press-release-opentrons_200_million_series_c_round_softbank/
Yugabyte,YugabyteDB,,C,$188.0,October,2021,Sapphire Ventures,https://blog.yugabyte.com/yugabyte-raises-188-million-series-c-to-make-distributed-sql-ubiquitous/
Solo,Gloo,,C,$135.0,October,2021,Altimeter,https://www.globenewswire.com/news-release/2021/10/07/2310288/0/en/Solo-io-Advances-Application-Networking-Market-with-135-Million-Series-C-Funding.html
Timescale,TimescaleDB,,C,$110.0,February,2022,Tiger Global,https://www.timescale.com/blog/year-of-the-tiger-110-million-to-build-the-future-of-data-for-developers-worldwide/?utm_source=timescaledb&utm_medium=social&utm_campaign=2022-funding
Docker,containerd,,C,$105.0,April,2022,Bain Capital Ventures,https://www.docker.com/blog/docker-raises-series-c-build-share-run/?utm_campaign=2022-03-31-sjseriescblog&utm_medium=social&utm_source=twitter
Anyscale,,,C,$100.0,December,2021,"Addition (Lee Fixel), a16z",https://www.anyscale.com/blog/the-future-is-distributed
Hasura,,,C,$100.0,February,2022,Greenoaks,https://hasura.io/blog/seriesc-100m-graphql-for-everyone/
OctoML,,,C,$85.0,November,2021,Tiger Global,https://octoml.ai/blog/octoml-raises-usd85m-series-c/
Carto,,,C,$61.0,December,2021,Insight Partners,https://carto.com/blog/carto-closes-series-c-round/
Esper,,,C,$60.0,October,2021,Insight Partners,https://blog.esper.io/espers-series-c-round-doubling-down-on-devops-for-devices
Data.world,,,C,$50.0,April,2022,Goldman Sachs,https://data.world/blog/data-world-announces-50m-series-c-funding-led-by-goldman-sachs-asset-management/
PlanetScale,,,C,$50.0,November,2021,Kleiner Perkins,https://www.kleinerperkins.com/perspectives/PlanetScale-Series-C/
Alluxio,,,C,$50.0,November,2021,NA,https://www.alluxio.io/press-releases/alluxio-announces-50-million-in-new-funding/
Gradle,,,C,$27.0,December,2021,Triangle Peak Partners,https://gradle.com/press-media/gradle-inc-raises-27-million-in-series-c-funding-round/
SignalWire,FreeSWITCH,,B+,NA,March,2022,TMobile,https://signalwire.com/blogs/press/signalwire-receives-new-investment-from-t-mobile-ventures
Alluxio,Alluxio,,B,$15.5,April,2020,Volcanis,https://www.alluxio.io/press-releases/alluxio-expands-funding-to-23m-to-increase-investment-in-hybrid-cloud-data-orchestration/
Esper,Android,,B,$30.0,May,2021,Scale VP,https://blog.esper.io/esper-announces-series-b-funding
Privacera,Apache Ranger,,B,$50.0,March,2021,Insight Partners ,https://privacera.com/announcing-our-series-b-funding-of-50m/
Preset,Apache Superset,,B,$35.9,August,2021,Redpoint Ventures,https://venturebeat.com/2021/08/18/data-visualization-and-analytics-platform-preset-takes-in-35-9m/
OctoML,Apache TVM,,B,$28.0,March,2021,Addition,https://medium.com/octoml/what-the-28-million-series-b-means-for-octoml-and-for-accelerating-ml-deployment-8972b55fe71a
Camunda ,Camunda ,,B,$100.0,March,2021,Insight Partners ,https://camunda.com/press_release/camunda-closes-100-million-series-b-funding-round/
ClickHouse,ClickHouse,,B,$250.0,October,2021,"Coatue, Altimeter",https://clickhouse.com/blog/en/2021/clickhouse-raises-250m-series-b/
Coder,Coder,,B,$30.0,April,2020,GGV,https://www.forbes.com/sites/davidjeans/2020/04/15/-cloud-software-startup-air-force-just-raised-funding-from-cia/?sh=47d0170f4319
Crate.io,CrateDB,,B,$10.0,June,2021,"Draper Esprit, Vito Ventures",https://crate.io/press/crate-io-secures-10-million-in-funding/
Cypress.io,Cypress,,B,$40.0,December,2020,OpenView,https://www.prnewswire.com/news-releases/cypressio-raises-40m-in-series-b-to-deliver-the-next-era-of-software-testing-301194275.html?utm_content=149265140&utm_medium=social&utm_source=twitter&hss_channel=tw-2774638535
Cyral,Cyral OSS,,B,$26.0,May,2021,"Redpoint, A Capital, Costanoa",https://cyral.com/blog/new-cyral-funding-a-ceo-message/
Fishtown Analytics,dbt,,B,$29.5,November ,2020,Sequoia Capital,https://blog.getdbt.com/fishtown-analytics-announces-29-5m-fundraise/
Docker,Docker,,B,$23.0,March,2021,Thrive,https://www.docker.com/press-release/Docker-Series-B
ChaosSearch,"ELK (Elasticsearch, Logstash, Kibana)",,B,$40.0,December,2020,"Stripes, Moore Strategic Ventures",https://www.chaossearch.io/news-and-media/chaossearch-40-million-series-b-funding#utm_source=twitter&utm_medium=organic
Coralogix,"ELK (Elasticsearch, Logstash, Kibana)",,B,$25.0,September,2020,"Red Dot Capital Partners, OG Tech VC",https://yourstory.com/2020/10/funding-alert-log-analytics-platform-coralogix-series-b-round
Ambassador Labs,Envoy,,B,$18.0,November ,2020,Insight Partners,https://www.globenewswire.com/news-release/2020/10/20/2110986/0/en/Ambassador-Labs-Secures-18M-in-Growth-Funding-to-Accelerate-Ambassador-and-Telepresence-Development.html
Tecton,Feast,,B,$35.0,December,2020,"a16z, Sequoia",https://www.tecton.ai/blog/feature-store-in-general-availability-series-b-funding/
Gatsby,Gatsby.js,,B,$28.0,May,2020,Index,https://www.gatsbyjs.org/blog/2020-05-27-announcing-series-b-funding/
Solo,Gloo Edge,,B,$23.0,October,2020,"Redpoint Ventures, True Ventures",https://www.solo.io/our-news/solo-io-bolsters-company-product-and-cloud-native-community-innovation-with-new-funding-round/
Grafana Labs,Grafana,,B,$50.0,August,2020,Lightspeed,https://grafana.com/about/press/2020-08-17-series-b-announcement/
Superconductive,Great Expectations,,B,$40.0,February,2022,Tiger Global,https://techcrunch.com/2022/02/10/superconductive-creators-of-great-expectations-raises-40m-to-launch-a-commercial-version-of-its-open-source-data-quality-tool/?tpcc=tcplustwitter
Gretel,Gretel,,B,$50.0,October,2021,Anthos Capital,https://gretel.ai/blog/why-privacy-by-design-matters-more-than-ever
Hasura,Hasura,,B,$25.0,September,2020,Lightspeed,https://hasura.io/blog/announcing-our-series-b-25m-financing/
Aiven,"Hosted Kafka, Cassandra, Elasticsearch, PostgreSQL, MySQL, Redis, InfluxDB and Grafana",,B,$40.0,February,2020,IVP,https://aiven.io/press/aiven-raises-40-million-series-b
Tetrate,Istio,,B,$40.0,March,2021,Sapphire Ventures,https://www.businesswire.com/news/home/20210310005295/en/Tetrate-Started-by-Istio-Founders-Raises-40-Million-to-Help-Enterprises-With-Cloud-Native-Application-Networking-Platform
Replicated,Kubernetes,,B,$25.0,October,2020,Two Sigma Ventures,https://www.replicated.com/blog/25m-series-b-to-modernize-on-prem-software/
Chronosphere,M3,,B,$43.4,January,2021,"Greylock, Lux Capital, Lee Fixel",https://techcrunch.com/2021/01/05/chronosphere-nabs-43m-series-b-to-expand-cloud-native-monitoring-tool/
Materialize,Materialize / Timely Dataflow,,B,$40.0,November ,2020,KPCB,https://materialize.com/materialize-series-b/
Element,Matrix,,B,$30.0,August,2021,"Protocol Labs, Metaplanet",https://element.io/blog/element-raises-30m-as-matrix-explodes/
Metabase,Metabase,,B,$30.0,August,2021,Insight Partners,https://techcrunch.com/2021/08/19/insight-partners-leads-30m-round-into-metabase-developing-enterprise-business-intelligence-tools/?tpcc=ECTW2020
Zilliz,Milvus,,B,$43.0,November ,2020,Hillhouse Capital,https://www.globenewswire.com/fr/news-release/2020/11/17/2127910/0/en/Zilliz-Raises-43M-to-Build-AI-powered-Unstructured-Data-Processing-and-Analysis-Platforms.html
Vercel fka ZEIT,"next.js, hyper, vercel",,B,$40.0,December,2020,GV,https://vercel.com/blog/series-b-40m-to-build-the-next-web
Styra,OPA,,B,$40.0,May,2021,Battery,https://blog.styra.com/blog/styra-raises-series-b-to-drive-cloud-native-authz
Pica8,Openflow,,B,$20.0,April,2021,WI Harper / Aspiro,https://www.lightreading.com/the-edge/pica8-raises-$20m-more-to-battle-cisco/d/d-id/768569
Opentrons,Opentrons,,B,$12.0,November ,2020,SOSV,https://www.sec.gov/Archives/edgar/data/1701598/000170159820000001/xslFormDX01/primary_doc.xml
Uptycs,osquery,,B,$30.0,June,2020,Sapphire Ventures,https://www.uptycs.com/blog/uptycs-series-b-funding
PostHog,PostHog,,B,$15.0,June,2021,YC,https://posthog.com/blog/15-million-series-b
Prefect,Prefect,,B,$32.0,June,2021,Tiger Global,https://www.prefect.io/blog/escape-velocity
Starburst Data,PrestoDB,,B,$42.0,June,2020,Coatue,https://blog.starburstdata.com/starburst-announces-42-million-series-b
Pulumi,Pulumi,,B,$37.5,October,2020,NEA,https://www.pulumi.com/blog/series-b/
ActiveState,Python/Perl/Tcl,,B,NA,January,2021,Turn/River,https://www.activestate.com/company/press/press-releases/activestate-raises-strategic-investment-from-turn-river/
Rasa,Rasa,,B,$26.0,June,2020,a16z,https://blog.rasa.com/our-next-phase-of-product-and-community-growth/
Anyscale,Ray,,B,$40.0,October,2020,NEA,https://www.businesswire.com/news/home/20201021005541/en/Anyscale-Announces-40M-in-Series-B-Funding-Led-by-NEA
Ventana Micro Systems,RISC-V,,B,$38.0,September,2021,"Dr. Sehat Sutardja, Weili Dai",https://www.businesswire.com/news/home/20210901005249/en/Ventana-Micro-Systems-Inc.-the-RISC-V-Performance-Leader-Raises-38-Million-in-Series-B-Funding
Rockset,RocksDB,,B,$40.0,October,2020,"Sequoia, Graylock",https://rockset.com/blog/rockset-raises-40m-series-b-real-time-analytics/
Robocorp,RPA Framework,,B,$21.0,June,2021,Canvas,https://robocorp.com/blog/robocorp-closes-21-million-series-a/
Salto,Salto,,B,$42.0,May,2021,Accel,https://venturebeat.com/2021/05/19/salto-spices-up-its-saas-app-tracking-for-enterprises-with-42m-raise/
Sanity,Sanity,,B,$39.0,June,2021,ICONIQ,https://www.sanity.io/blog/it-takes-a-village
BrowserStack,Selenium,,B,$200.0,June,2021,BOND,https://www.browserstack.com/press/browserstack-closes-200-million-in-series-b-funding-at-a-4-billion-valuation
r2c,Semgrep,,B,$27.0,July,2021,Felicis,https://r2c.dev/blog/2021/r2c-series-b-funding/
SnorkelAI,Snorkel,,B,$35.0,April,2021,Lightspeed,https://snorkel.ai/introducing-application-studio/#heading_3
Sourcegraph,Sourcegraph,,B,$23.0,March,2020,Craft,https://about.sourcegraph.com/press-releases/sourcegraph-secures-series-b
Streamlit,streamlit,,B,$35.0,April,2021,Sequoia Capital,https://blog.streamlit.io/our-35-million-series-b/
Teleport,Teleport,,B,$30.0,August,2021,Kleiner Perkins,https://goteleport.com/blog/series-b/?&utm_medium=social&utm_source=twitter
Timescale,TimescaleDB,,B,$40.0,May,2021,Redpoint Ventures,https://blog.timescale.com/blog/40-million-to-help-developers-measure-everything-that-matters/
Hugging Face,Transformers,,B,$40.0,March,2021,Addition,https://twitter.com/huggingface/status/1370031155261607936
PlanetScale,Vitess,,B,$30.0,June,2021,Insight Partners,https://www.bloomberg.com/press-releases/2021-06-23/planetscale-announces-30m-series-b-funding-to-accelerate-adoption-of-instantly-provisioned-and-infinitely-scalable-database
Wire,Wire,,B,$21.0,April,2021,UVC,https://capital.us20.list-manage.com/track/click?u=d40c29f25081bce43ff16e6fa&id=f3c3721aab&e=3a0943fffb
Yugabyte,YugabyteDB,,B,$48.0,March,2021,Lightspeed,https://blog.yugabyte.com/yugabyte-secures-48m-in-funding/
Airbyte,Airbyte,,B,$150.0,December,2021,"Coatue, Altimeter Capital",https://www.forbes.com/sites/kenrickcai/2021/12/17/data-startup-airbyte-is-set-to-become-a-unicorn-intensifying-showdown-with-rival-company-fivetran/?sh=4eb161d1f385
Optimism,Ethereum,,B,$150.0,March,2022,"Paradigm, a16z",https://scribe.rip/money-long-team-strong-8526c6943fd7?source=user_profile---------0-------------------------------
Panther,Panther Analysis,,B,$120.0,December,2021,Coatue,https://runpanther.io/press-releases/panther-labs-raises-120m-series-b-with-unicorn-valuation-led-by-coatue/
Island,Chromium,,B,$115.0,March,2022,Insight Partners,https://www.businesswire.com/news/home/20220323005242/en/Island-Raises-115-Million-in-Series-B-Funding-to-Enable-Massive-Innovation-on-Enterprise-Browser
Temporal,,,B,$103.0,February,2022,Index Ventures,https://docs.temporal.io/blog/series-b-announcement-open-letter/
MinIO,,,B,$103.0,January,2022,Intel Capital,https://blog.min.io/ab_seriesb/?utm_content=195608757&utm_medium=social&utm_source=twitter&hss_channel=tw-3017977255
Replit,,,B,$80.0,December,2021,Coatue,https://blog.replit.com/b
Buf,,,B,$68.0,December,2021,"Lux Capital, Tiger Global",https://buf.build/blog/an-update-on-our-fundraising
Upbound,,,B,$60.0,December,2021,Altimeter Capital,https://blog.upbound.io/upbound-raises-60m-in-funding-to-advance-its-universal-cloud-platform/
Rudderstack,,,B,$56.0,February,2022,Insight Partners,https://www.finsmes.com/2022/02/rudderstack-raises-56m-in-series-b-funding.html?utm_source=dlvr.it&utm_medium=twitter
Cocos,,,B,$50.0,April,2022,CCB Trust,https://www.cocos.com/en/more-than-a-game-engine-cocos-completes-50-million-in-series-b-financing
Redpanda Data,,,B,$50.0,February,2022,GV,https://redpanda.com/blog/redpanda-series-b-funding-future-of-streaming-data/
GitGuardian,,,B,$44.0,December,2021,"Eurazeo, Sapphire",https://blog.gitguardian.com/announcing-our-44m-fundraise-to-further-enable-the-appsec-shared-responsibility-model/
Daily,,,B,$40.0,November,2021,Renegade Partners,https://www.daily.co/blog/announcing-our-40m-series-b/
SpectroCloud,,,B,$40.0,March,2022,Stripes,https://www.spectrocloud.com/news/spectro-cloud-closes-40m-series-b-round/
Observable,,,B,$35.6,January,2022,Menlo Ventures,https://www.businesswire.com/news/home/20220113005245/en/Observable-Announces-35.6-Million-Series-B-Funding
TONIC,,,B,$35.0,October,2021,Insight Partners,https://www.tonic.ai/blog/we-raised-a-35m-series-b-heres-whats-next-for-fake-data
FingerprintJS,,,B,$32.0,November,2021,Craft Ventures,https://venturebeat.com/2021/11/03/fraud-prevention-platform-fingerprintjs-lands-32m-to-launch-premium-services/
ArangoDB,,,B,$27.8,October,2021,Iris Capital,https://www.arangodb.com/2021/10/announcing-arangodb-series-b-funding/
Bit,,,B,$25.0,November,2021,Insight Partners,https://venturebeat.com/2021/11/16/bit-bags-36m-to-bring-microservices-to-frontend-development/amp/
Spacelift,,,B,$15.0,October,2021,Insight Partners,https://spacelift.io/blog/spacelift-raises-15m
Airbyte,Airbyte,,A,$26.0,May,2021,Benchmark,https://airbyte.io/blog/airbyte-raised-a-26m-series-a-to-change-how-data-is-moved
Anchore,Anchore Engine,,A,$20.0,January,2020,Signal Fire,https://anchore.com/blog/anchore-2020-and-beyond/
Voltron Data,Apache Arrow,,A,$88.0,February,2022,Walden Catalyst,https://voltrondata.com/news/fundinglaunch/
StarTree,Apache Pinot,,A,$24.0,May,2021,"Bain, GGV",https://www.startree.ai/startree-press-release.html
StreamNative,Apache Pulsar,,A,$23.0,September,2021,Prosperity7 Ventures,https://www.prnewswire.com/news-releases/original-creators-of-apache-pulsar-raise-23m-series-a-for-streamnative-round-led-by-prosperity7-ventures-301375962.html
OctoML,Apache TVM,,A,$15.0,April,2020,Amplify,https://medium.com/octoml/announcing-octomls-series-a-growing-our-team-and-octomizing-the-world-s-ml-ai-needs-889522e4cb07
Apromore,Apromore,,A,$4.5,July,2020,GBTEC,https://www.prnewswire.com/in/news-releases/open-source-process-mining-vendor-apromore-raises-au-6-84-million-in-series-a-funding-848722817.html
Bodo.ai,Bodo Community Edition,,A,$14.0,August,2021,Dell Technologies Capital,https://www.businesswire.com/news/home/20210825005146/en/Bodo.ai-Raises-14-million-Series-A-to-Revolutionize-Simplicity-Performance-and-Scale-for-Data-Analytics-and-Machine-Learning
Botpress,Botpress,,A,$15.0,April,2021,Decibel,https://botpress.com/blog/announcing-15m-series-a
Eclypsium,CHIPSEC,,A,$13.0,October,2020,AV8 Ventures,https://eclypsium.com/2020/10/01/eclypsium-announces-13m-funding-round/?utm_content=141391721&utm_medium=social&utm_source=twitter&hss_channel=tw-865342977442430978
Cilium,Cilium,,A,$29.0,November ,2020,a16z,https://cilium.io/blog/2020/11/10/ebpf-future-of-networking/
Stacklet,Cloud Custodian,,A,$18.0,January,2021,Addition,https://stacklet.io/blog/stacklet-secures-18-million-in-series-a-funding
CodeSandbox,CodeSanbox,,A,$12.7,October,2020,EQT Ventures,https://medium.com/eqtventures/on-eqt-ventures-investment-in-codesandbox-tackling-the-final-frontier-in-collaboration-6ed721868576
Cube Dev,Cube.js,,A,$15.5,July,2021,Decibel,https://cube.dev/blog/our-series-a/
Observable,D3.js,,A,$10.5,November ,2020,Sequoia Capital,https://www.businesswire.com/news/home/20201120005499/en/Observable-the-Destination-for-Data-Visualization-Launches-With-10.5M-Series-A-Funding-Led-by-Sequoia-and-Acrew
Elementl,Dagster,,A,$15.0,November,2021,Index Ventures,https://dagster.io/blog/decade-of-data
Coiled,Dask,,A,$21.0,May,2021,BVP,https://venturebeat.com/2021/05/18/data-and-ai-operations-startup-coiled-nabs-21m/
Databand,databand-ai,,A,$14.5,December,2020,Accel,https://databand.ai/blog/announcing-our-series-a-with-14-5m-in-funding-databand-data-product/
Fishtown Analytics,dbt,,A,$13.0,April,2020,a16z,https://blog.getdbt.com/fishtown-analytics-announces-12-9m-fundraise/
Discourse,Discourse,,A,$20.0,August,2021,Pace Capital,https://blog.discourse.org/2021/08/discourse-series-a
ZEDEDA,EVE,,A,$12.5,March,2021,Rockwell Automation,https://venturebeat.com/2021/03/31/edge-computing-orchestration-startup-zededa-raises-12-5m/
FingerprintJS,FingerprintJS,,A,$8.0,Februrary,2021,Nexus Venture Partners,https://fingerprintjs.com/blog/series-a/
Gitcoin,Gitcoin,,A,$11.3,April,2021,Paradigm,https://capital.us20.list-manage.com/track/click?u=d40c29f25081bce43ff16e6fa&id=3931e20ef6&e=3a0943fffb
Gitpod,Gitpod,,A,$13.0,April,2021,General Catalyst,https://www.gitpod.io/blog/next-chapter-for-gitpod
Gravitee,Gravitee Gateway,,A,$11.0,July,2021,"AlbionVC, Oxx",https://venturebeat.com/2021/07/21/open-source-api-management-platform-gravitee-raises-11m/
Superconductive,Great Expectations,,A,$21.0,May,2021,Index,https://greatexpectations.io/blog/series-a-announcement/
Gretel,Gretel,,A,$12.0,November ,2020,Greylock,https://gretel.ai/blog/gretel-ai-raises-12-million-in-series-a-to-safely-share-build-with-data
Checkly,Headless recorder,,A,$10.0,June,2021,CRV,https://blog.checklyhq.com/checkly-raises-10m-for-developer-owned-operations/
Hummingbot,https://github.com/CoinAlpha/hummingbot,,A,$8.0,June,2021,Initialized,https://hummingbot.io/blog/hummingbot-series-a-initalized-capital
Julia Computing ,Julia,,A,$24.0,July,2021,Dorilton,https://juliacomputing.com/media/2021/07/series-a/
Komodor,K8s,,A,$21.0,June,2021,Accel,https://komodor.com/blog/raising-25-million-to-redefine-kubernetes-troubleshooting/
Meroxa,Kafka,,A,$15.0,April,2021,Drive,https://capital.us20.list-manage.com/track/click?u=d40c29f25081bce43ff16e6fa&id=3d1db4c569&e=3a0943fffb
Katana,Katana/Galois,,A,$28.5,February,2021,Intel Capital,https://katanagraph.com/news/series-a-round
Arrikto,KubeFlow,,A,$10.0,November ,2020,Unusual Ventures,https://www.arrikto.com/blog/hello-world-we-are-arrikto/
Spectro Cloud,Kubernetes,,A,$20.0,August,2021,Stripes,https://www.spectrocloud.com/news/spectro-cloud-announces-20m-completion-of-series-a-funding/
Okteto,Kubernetes,,A,$15.0,February,2022,Two Sigma Ventures,https://www.okteto.com/blog/a-15m-series-a-to-disrupt-modern-development?utm_content=198968499&utm_medium=social&utm_source=twitter&hss_channel=tw-1006491699441557504
Treeverse,LakeFS,,A,$23.0,August,2021,Dell Technologies Capital,https://venturebeat.com/2021/07/28/treeverse-raises-23m-to-bring-git-like-version-control-to-data-lakes/
Lottie Files,Lottie File Format,,A,$9.0,March,2021,M12,https://techcrunch.com/2021/01/27/lottiefiles-a-platform-for-the-animation-format-lands-9-million-series-a-led-by-m12-microsofts-venture-fund/
New Vector,Matrix,,A,$4.6,May,2020,Automattic,https://blog.vector.im/automattic-backs-matrix-investing-4-6m-in-new-vector/
Moov,Moov,,A,$27.0,December,2020,a16zj,https://moov.io/blog/news/moov-announces-series-a-round/
n8n,n8n,,A,$12.0,April,2021,Felicis,https://n8n.io/blog/series-a-announcement/
VEsoft,Nebula Graph,,A,$10.0,December,2020,Source Code Capital,https://www.prweb.com/releases/nebula_graph_database_secures_10_million_vc_funding_in_new_round/prweb17604322.htm
Vercel fka ZEIT,"next.js, hyper, vercel",,A,$21.0,April,2020,"Accel, CRV",https://vercel.com/blog/zeit-is-now-vercel
NearForm,Node.js,,A,NA,February,2021,Columbia Capital,https://www.irishtimes.com/business/technology/irish-covid-app-developer-nearform-secures-major-investment-1.4485503
Open Raven,Open Raven,,A,$15.0,June,2020,KPCB,https://techcrunch.com/2020/06/16/los-angeles-based-open-raven-raises-15-million-from-kpcb-for-its-security-tech-to-secure-hybrid-clouds/
MayaData,OpenEBS,,A,$26.0,February ,2020,"DataCore, Insight Partners ",https://blocksandfiles.com/2020/02/04/mayadata-gets-funding-datacore-technology-and-resell-boost-for-its-kubernetes-storage/
Opstrace,Opstrace,,A,$6.5,May,2020,KPCB,https://sec.report/Document/0001811514-20-000001/
Orbit,Orbit,,A,$15.0,May,2021,Coatue,https://orbit.love/blog/enabling-proactive-community-teams-everywhere
Oso,Oso,,A,$8.2,March,2021,Sequoia Capital,https://techcrunch.com/2021/03/17/oso-announces-8-2m-series-a-to-simplify-authorization-for-developers/amp/
Stackhawk,OWASP ZAP,,A,$10.0,October,2020,Sapphire Ventures,https://www.stackhawk.com/blog/series-a-financing-announcement/
Panther,Panther,,A,$15.0,September,2020,Lightspeed,https://blog.runpanther.io/series-a-funding/
Molecula,Pilosa,,A,$18.0,January,2021,Drive Capital,https://www.molecula.com/news-and-press/molecula-secures-17-6-million-in-series-a-funding-to-democratize-machine-scale-analytics-and-ai/
Pixie Labs,Pixie,,A,$9.2,October,2020,Benchmark,https://techcrunch.com/2020/10/01/pixie-labs-raises-9-15m-series-a-round-for-its-kubernetes-observability-platform/
Portainer,Portainer,,A,$6.0,May,2021,Bessemer,https://www.portainer.io/blog/container-management-solution-portainer.io-raises-6m-series-a-round-to-accelerate-global-expansion
Supabase,Postgres,,A,$30.0,September,2021,Coatue,https://techcrunch.com/2021/09/09/supabase-raises-30m-for-its-open-source-insta-backend/?tpcc=ECTW2020
PostHog,PostHog,,A,$9.0,December,2020,GV,https://venturebeat.com/2020/12/17/gv-leads-9-million-investment-in-open-source-product-analytics-platform-posthog/
Prefect,Prefect,,A,$11.5,February,2021,Positive Sum,https://finance.yahoo.com/news/prefect-raises-11-5m-series-130900704.html?guccounter=1&guce_referrer=aHR0cHM6Ly93d3cucHJlZmVjdC5pby8&guce_referrer_sig=AQAAAEEGEMcpGPQod_UYnMClScFHJc2o5urgcASTurrQqSPCvVmfYKQA3GAyU38M-LbWwMK_hve1K5auzAKecY311JeU-AdcNvTYWz2z_pcSNd3XC1rkaJPqsjEt8GZqNyJyNCmB792QXXIPa4LeTqSZ5Fo2RJBxiBXvsLC_mJpMilOM
Ahana,PrestoDB,,A,$20.0,August,2021,Third Point Ventures,https://ahana.io/press-releases/presto-company-ahana-raises-20m-series-a-led-by-third-point-ventures-to-redefine-open-data-lake-analytics/
InfuseAI,Primehub,,A,$4.3,April,2021,Wistron,https://techcrunch.com/2021/04/05/taiwan-based-mlops-startup-infuseai-raises-4-3m-series-a-led-by-wistron-corporation/?tpcc=ECTW2020
Prisma,Prisma,,A,$12.0,June,2020,Amplify,https://twitter.com/prisma/status/1276489237471297538?s=21
ProcessMaker,ProcessMaker,,A,$45.0,February,2021,Aldrich Capital,https://www.newsobserver.com/news/business/article249222775.html
Buf Technologies,Protocol Buffers,,A,$20.7,April,2021,Undisclosed,https://www.sec.gov/Archives/edgar/data/1825366/000182536621000001/xslFormDX01/primary_doc.xml
Grid AI,PyTorchLightning,,A,$18.6,October,2020,Index,https://www.businesswire.com/news/home/20201008005227/en/Grid-AI-From-the-Makers-of-PyTorch-Lightning-Emerges-From-Stealth-With-18.6m-Series-A-to-Close-the-Gap-Between-AI-Research-and-Production
Vectorized,Redpanda,,A,$15.0,January,2021,Lightspeed / GV,https://vectorized.io/blog/intelligent-data-api/
Replit,Repl.it,,A,$20.0,February,2021,A.Capital,https://blog.repl.it/seriesa
Rocket.Chat,Rocket.Chat,,A,$19.0,February,2021,Valor Capital Group,https://techcrunch.com/2021/02/03/rocket-chat-raises-19m-for-its-open-source-approach-to-integrated-enterprise-messaging/amp/
RudderStack,RudderStack,,A,$21.0,June,2021,KPCB,https://rudderstack.com/blog/RudderStack-Announces-Series-A-and-Launches-RSDX-CDP-for-Developers/
Sanity,Sanity Studio,,A,$9.3,October,2020,Threshold Ventures,https://www.sanity.io/blog/redefining-content-collaboration
Seldon,Seldon,,A,$9.4,November ,2020,"Albion VC, Cambridge Innovation",https://www.seldon.io/seldon-raises-7-1m-series-a/
Vendia,Serverless Express,,A,$15.5,February,2021,Canvas Ventures,https://www.vendia.net/blog/series-a-announcement
Snorkel AI,Snorkel,,A,$15.3,July,2020,"GV, Greylock",https://www.finsmes.com/2020/07/snorkel-ai-raises-15m-in-funding.html
Snowplow,Snowplow,,A,$10.0,January,2021,Atlantic Bridge,https://snowplowanalytics.com/blog/2021/01/12/snowplow-analytics-raises-10-million-in-series-a2-funding/
Soda,Soda SQL,,A,$14.0,February,2021,Singular,https://www.soda.io/press/soda-raises-eu11-5m-in-series-a-funding
Strapi,Strapi.js,,A,$10.0,May,2020,Index,https://strapi.io/blog/announcing-strapi-10m-series-a-funding
Streamlit,streamlit,,A,$21.0,June,2020,"GGV, Gradient",https://medium.com/streamlit/announcing-streamlits-21m-series-a-ae05daa6c885
Viam Robotics,TBA,,A,$30.0,February,2022,"Tiger Global, USV, Battery VEntures",https://www.prnewswire.com/news-releases/viam-announces-30-million-series-a-funding-round-to-scale-novel-robotics-platform-301471988.html?tc=eml_cleartime
Temporal,Temporal,,A,$18.8,October,2020,Sequoia Capital,https://docs.temporal.io/blog/funding-announcement/
Cape Privacy,TF-Encrypted,,A,$20.0,April,2021,Evolution,https://capeprivacy.com/news/cape-raises-20-million-in-series-a-funding/
TileDB,TileDB,,A,$15.0,July,2020,Two Bear,https://tiledb.com/blog/tiledb-closes-15m-series-a-for-industry-s-first-universal-data-engine-2020-07-14
Containous,Traefik,,A,$10.0,January,2020,Balterton,https://containo.us/press/containous-the-creator-of-traefik-raises-10-million-in-series-a-funding-to-make-networking-boring/
Aleph Alpha,TS-RS,,A,$27.0,August,2021,Earlybird,https://twitter.com/Aleph__Alpha/status/1419921434856538112
Memfault,Various,,A,$8.5,March,2021,Partech,https://memfault.com/news/memfault-raises-8-5m-in-series-a-funding-to-expand-the-first-end-to-end-observability-platform-for-iot-devices/
Daily,WebRTC,,A,$15.0,March,2021,Lachy Groom,https://www.daily.co/blog/daily-announces-a-15m-series-a-led-by-lachy-groom/
Tailscale,WireGuard,,A,$12.0,November ,2020,Accel,https://tailscale.com/blog/the-next-milestone
ClickHouse,,,A,$50.0,September,2021,"Index Ventures, Benchmark",https://clickhouse.com/blog/en/2021/clickhouse-inc/
Parallel,,,A,$50.0,October,2021,Paradigm,https://techcrunch.com/2021/10/21/nft-sci-fi-card-game-parallel-raises-at-500m-valuation-from-paradigm/?tpcc=tcplustwitter
SlimAI,,,A,$31.0,January,2022,"Insight Partners, StepStone Group",https://www.slim.ai/blog/slim-ai-series-a-announcement.html
Jina AI,,,A,$30.0,November,2021,Canaan Partners,https://jina.ai/blog/jina-funding/
Inrupt,,,A,$30.0,December,2021,Forte Ventures,https://techcrunch.com/2021/12/09/tim-berners-lee-inrupt-fundraise/
Appwrite,,,A,$27.0,April,2022,Tiger Global,https://appwrite.io/series-a
vFunction,,,A,$26.0,October,2021,Zeev Ventures,https://vfunction.com/newsroom/vfunction-raises-26m-in-series-a-funding-to-expand-growth-and-accelerate-app-modernization-for-the-enterprise-market/
Kubecost,,,A,$25.0,February,2022,Coatue,https://blog.kubecost.com/blog/series-a-funding-announcement/?utm_campaign=Series%20A%20announcement%20-%20Feb%202022&utm_content=198357311&utm_medium=social&utm_source=twitter&hss_channel=tw-1362521684700372994
Prophecy,,,A,$25.0,January,2022,Insight Partners,https://www.prophecy.io/blogs/prophecy-seriesa-funding
Cal.com,,,A,$25.0,April,2022,Seven Seven Six,https://cal.com/blog/cal-v-1-5
Forta,,,A,$23.0,October,2021,a16z,https://techcrunch.com/2021/09/30/forta-launches-with-23m-to-bring-better-security-to-smart-contracts/
Ory Corp,,,A,$22.0,December,2021,Insight Partners,https://twitter.com/OryCorp/status/1454745779608899584?s=20
Crowdbotics,,,A,$22.0,January,2022,Jackson Square Ventures,https://www.crowdbotics.com/blog/crowdbotics-raises-22m-series-a-to-enable-anyone-to-turn-ideas-into-code?utm_campaign=Fundraise%20Announcement&utm_content=195046579&utm_medium=social&utm_source=twitter&hss_channel=tw-836036195574427650
Conduktor,,,A,$20.0,December,2021,Accel,https://www.conduktor.io/conduktor-raises-usd20m-series-a/?utm_content=188738711&utm_medium=social&utm_source=twitter&hss_channel=tw-1113478723486060546
Dagger,,,A,$20.0,April,2022,Redpoint Ventures,https://dagger.io/blog/series-a
Vue Storefront,,,A,$17.4,October,2021,Creandum,https://www.vuestorefront.io/blog/vue-storefront-closes-17-4-million-series-a-financing?utm_campaign=Series%20A%20Announcement&utm_content=183281988&utm_medium=social&utm_source=twitter&hss_channel=tw-965520890225098752
SeMI Technologies,,,A,$16.0,February,2022,NEA,https://finance.yahoo.com/news/semi-technologies-16m-series-round-141500875.html
Garden.io,,,A,$16.0,April,2022,"Sorenson Ventures, 468 Capital",https://www.businesswire.com/news/home/20220330005139/en/Garden.io-Secures-16-Million-Series-A-to-Combat-Waste-in-Cloud-Development
Jscrambler,,,A,$15.0,September,2021,Ace Capital Partners,https://blog.jscrambler.com/jscrambler-raises-15-million-in-series-a-funding-to-rewrite-the-rules-of-website-security/
Rumble,,,A,$15.0,March,2022,Decibel PArtners,https://www.rumble.run/press/series-a-funding/
JiHu,,,A,$15.0,April,2022,"Temasek Holdings, TaiKang Life Insurance",https://www.ngpcap.com/insights/jihu-gitlab-announced-hundreds-of-millions-of-rmb-in-series-a-financing-to-accelerate-the-devops-open-source-ecosystem-development-in-china
TruffleSecurity,,,A,$14.0,December,2021,a16z,https://trufflesecurity.com/blog/truffle-security-raises-14-million-lead-by-a16z
Unleash,,,A,$14.0,March,2022,Spark Capital,https://www.getunleash.io/blog/unleash-raises-a-14m-series-a-to-make-feature-management-available-open-source
Ockam,,,A,$12.5,January,2022,Craft Ventures,https://www.ockam.io/learn/blog/series_a/
QuestDB,,,A,$12.0,November,2021,"468 Capital, Uncorrelated Ventures",https://techcrunch.com/2021/11/03/questdb-snares-12m-series-a-with-hosted-version-on-the-horizon/
Appsmith,,,A,$8.0,October,2021,"Accel, Canaan Partners, Bessemer",https://www.appsmith.com/blog/10-5mn-funding-raised-how-we-got-here-and-where-we-want-to-go
Ethyca,,,A,$7.5,November,2021,"Lee Fixel, IA Ventures, LGF, Table Management",https://techcrunch.com/2021/11/03/ethyca-fides-privacy-codebase/?tpcc=tcplustwitter
Greymatter.io,,,A,$7.1,April,2022,Elsewhere Partners,https://greymatter.io/blog/greymatter-io-expands-to-address-microservices-boom/
Exein,,,A,$6.8,September,2021,"Future Industry Ventures, eCAPITAL Entrepreneurial Partners",https://tech.eu/brief/roman-cybersecurity-company-exein-nets-e6-million-in-new-funding/
Efabless,,,A,NA,January,2022,New North Ventures,https://www.newelectronics.co.uk/electronics-news/efabless-series-a-1-funding-round-drives-open-source-enabled-chip-design/243553/